{"History": 0.1464285384299448, "Psychology": 0.1932110628562109, "Music": -0.040432935038631525, "Health": 0.17336691315613778, "Journalism": 0.13153770723500818, "Politics": 0.15283343683342088, "Natural Science": 0.2621465988588259, "Trade": 0.12688512377678096, "Agriculture": 0.4198035751067404, "Law": 0.01624128480228715, "Culture": 0.21079998403438224, "Architecture": 0.2802042398455624, "Education": 0.29492057424973817, "Craftsmanship": 0.22435825800966613, "Philosophy": 0.1737370524112622, "Religion": 0.12059763541997223, "Mathematics": 0.2690112789997728, "Sociology": 0.19966754105505524, "Economics": 0.2630178127533371, "Environment": 0.41312279060101725, "Programming": 0.2982957698739449, "Communication": 0.34081063685863194, "Art": -0.051314980693378386}