{"Craftsmanship": 0.20369070514033522, "Philosophy": 0.12122183920828256, "Economics": 0.18778946496272117, "Natural Science": 0.20215594785654206, "Law": -0.005400239899073471, "Politics": 0.09648363441227743, "Communication": 0.27911415247160576, "Health": 0.12196325054422237, "Music": -0.05660760528889118, "Sociology": 0.1376795418935205, "Agriculture": 0.3367354780006798, "Programming": 0.2460132019275288, "Psychology": 0.1363889637410053, "Culture": 0.14791410872962574, "History": 0.0911961475840366, "Architecture": 0.21243062425941348, "Journalism": 0.07081247437920586, "Environment": 0.34603884258315426, "Mathematics": 0.20075303071246514, "Art": -0.0685228839210041, "Trade": 0.09828346709814231, "Religion": 0.0747459726312702}