{"Programming": 0.8505851653017655, "Politics": 0.4078333188076315, "History": 0.4042568064268645, "Philosophy": 0.4830663733100953, "Art": -0.11607842348756245, "Economics": 0.7151322791234103, "Law": 0.05463596502968972, "Religion": 0.34185754362863696, "Mathematics": 0.7494543265859109, "Education": 0.8404207570341171, "Psychology": 0.558168218104023, "Architecture": 0.7830130002780398, "Music": -0.07725382837660817, "Natural Science": 0.7281750504362327, "Communication": 0.9674029698117339, "Journalism": 0.3761429814368642, "Culture": 0.5894680678549181, "Agricultural Science": 0.9227546950858201, "Health Science": 0.6627758433555325, "Environmental Science": 0.9289896682659069, "Information Technology": 1.0, "Sociology": 0.554396684870184}