{"Music": -0.017232760331480586, "Communication": 0.32768093820931943, "Programming": 0.2898172437618308, "Journalism": 0.11688599732982027, "Environment": 0.38208858608886137, "Health": 0.1342160616122243, "Politics": 0.13673767095374004, "Sociology": 0.18889433801094963, "Mathematics": 0.256516324420772, "Psychology": 0.18829246715731524, "Craftsmanship": 0.22260121857445775, "Architecture": 0.2582523881008981, "Religion": 0.11421911412032433, "Law": 0.025769902030752377, "Philosophy": 0.1697561730730493, "Natural Science": 0.2572599256554319, "Agriculture": 0.3616206919587676, "Art": -0.031278306422147475, "History": 0.14713490083575337, "Trade": 0.09633022793835531, "Economics": 0.217774939770698, "Culture": 0.19055838119631244}