{"Natural Science": 0.35059961429185355, "Art": 0.32221868179995145, "History": 0.3767985796955178, "Psychology": 0.2637913776335892, "Philosophy": 0.28354345756020394, "Mathematics": 0.3448616863219417, "Architecture": 0.5186795677215287, "Music": 0.3286753302191194, "Politics": 0.31493750667507775, "Culture": 0.43773979995900725, "Health Science": 0.26762449403931876, "Law": 0.292462522840269, "Economics": 0.3823614219612631, "Information Technology": 0.36598027488350127, "Programming": 0.3560368023226259, "Environmental Science": 0.44946250770650026, "Education": 0.32783846687937157, "Journalism": 0.25826393834124095, "Communication": 0.33245845396405055, "Religion": 0.37284975519779423, "Sociology": 0.4243721510835682, "Agricultural Science": 0.378361521100287}