{"Natural Science": 0.36143625093328147, "Art": 0.21783825737493706, "History": 0.33369251873380174, "Psychology": 0.30894726828510144, "Philosophy": 0.27605601681782377, "Mathematics": 0.34706062061531473, "Architecture": 0.4467917520424366, "Music": 0.3377304049682236, "Politics": 0.3765712069645249, "Culture": 0.4226173232240048, "Health Science": 0.3320649523838149, "Law": 0.3703884359851903, "Economics": 0.3796394289242627, "Information Technology": 0.47292569109896493, "Programming": 0.4142325461066074, "Environmental Science": 0.47001902760935216, "Education": 0.33645530271230406, "Journalism": 0.28960902985202885, "Communication": 0.4181146562916006, "Religion": 0.35856701641564476, "Sociology": 0.4083573966200492, "Agricultural Science": 0.38449332488089305}