{"Natural Science": 0.3418009673212789, "Art": 0.22312172359446075, "History": 0.3179511847625699, "Psychology": 0.28442434666737604, "Philosophy": 0.26452736161481, "Mathematics": 0.33824358031015495, "Architecture": 0.4510233588079247, "Music": 0.32914793686517374, "Politics": 0.35623560340295396, "Culture": 0.4073653695234351, "Health Science": 0.3035292091017541, "Law": 0.34813735691922976, "Economics": 0.3636688149693176, "Information Technology": 0.4606726783828802, "Programming": 0.41438707934982283, "Environmental Science": 0.4542110317331572, "Education": 0.3045270318653074, "Journalism": 0.2748169849651302, "Communication": 0.39501820556257167, "Religion": 0.3290273756110657, "Sociology": 0.38355856748267053, "Agricultural Science": 0.3627139296224573}