{"Health": 0.19547386484394172, "Journalism": 0.2239436341250632, "Sociology": 0.31822981413838586, "Music": 0.06390535844041983, "Programming": 0.4923227445591249, "Agriculture": 0.4464507170533776, "Natural Science": 0.3650689115899546, "Architecture": 0.5082214991493827, "Trade": 0.18415748164782436, "Culture": 0.3237578390622, "Craftsmanship": 0.3434882296355065, "Psychology": 0.3057124168275121, "Religion": 0.20006837574198238, "Mathematics": 0.39215365043870465, "Politics": 0.2211984304919941, "Environment": 0.5362475456360402, "Communication": 0.5652149794759556, "History": 0.27008822338688254, "Art": 0.055708703042045726, "Economics": 0.33731298409216837, "Law": 0.10844484501483811, "Philosophy": 0.2550606107233798}